Saki,NONE,07/07/2025,15:29:27,Attohwa_Chasm,Tiamat
Veyron,PLD,07/07/2025,15:29:27,Attohwa_Chasm,Tiamat
Daveman,WHM,07/07/2025,15:29:27,Attohwa_Chasm,Tiamat
Nam,BLM,07/07/2025,15:29:27,Attohwa_Chasm,Tiamat
Cinnisbellum,PLD,07/07/2025,15:29:27,Attohwa_Chasm,Tiamat
Hatashy,BRD,07/07/2025,15:29:27,Attohwa_Chasm,Tiamat
Sebasthegalka,BRD,07/07/2025,15:29:27,Attohwa_Chasm,Tiamat
Ayr,SMN,07/07/2025,15:29:27,Attohwa_Chasm,Tiamat
Mcturbo,SMN,07/07/2025,15:29:27,Attohwa_Chasm,Tiamat
Thoranir,BRD,07/07/2025,15:29:27,Attohwa_Chasm,Tiamat
Rorry,BLM,07/07/2025,15:29:27,Attohwa_Chasm,Tiamat
Boshed,PLD,07/07/2025,15:29:27,Attohwa_Chasm,Tiamat
Buddylee,RDM,07/07/2025,15:29:27,Attohwa_Chasm,Tiamat
Prongles,WHM,07/07/2025,15:29:27,Attohwa_Chasm,Tiamat
Fmtwo,WHM,07/07/2025,15:29:27,Attohwa_Chasm,Tiamat
Byakua,SMN,07/07/2025,15:29:27,Attohwa_Chasm,Tiamat
Crescentfresh,BRD,07/07/2025,15:29:27,Attohwa_Chasm,Tiamat
Kercil,WHM,07/07/2025,15:29:27,Attohwa_Chasm,Tiamat
Consumelivebees,BRD,07/07/2025,15:29:27,Attohwa_Chasm,Tiamat
Xruz,RDM,07/07/2025,15:29:27,Attohwa_Chasm,Tiamat
Lockon,THF,07/07/2025,15:29:27,Attohwa_Chasm,Tiamat
Cory,DRK,07/07/2025,15:29:27,Attohwa_Chasm,Tiamat
Vear,PLD,07/07/2025,15:29:27,Attohwa_Chasm,Tiamat
Loco,WHM,07/07/2025,15:29:27,Attohwa_Chasm,Tiamat
Sonomaa,RDM,07/07/2025,15:29:27,Attohwa_Chasm,Tiamat
Kersed,RDM,07/07/2025,15:29:27,Attohwa_Chasm,Tiamat
Esquire,PLD,07/07/2025,15:29:27,Attohwa_Chasm,Tiamat
Brattycatty,BRD,07/07/2025,15:29:27,Attohwa_Chasm,Tiamat
Nils,SMN,07/07/2025,15:29:27,Attohwa_Chasm,Tiamat
Kyra,PLD,07/07/2025,15:29:27,Attohwa_Chasm,Tiamat
Brethart,THF,07/07/2025,15:29:27,Attohwa_Chasm,Tiamat
Notix,RDM,07/07/2025,15:29:27,Attohwa_Chasm,Tiamat
Skye,BRD,07/07/2025,15:29:27,Attohwa_Chasm,Tiamat
Schmoe,BLM,07/07/2025,15:29:27,Attohwa_Chasm,Tiamat
Gordge,BRD,07/07/2025,15:29:27,Attohwa_Chasm,Tiamat
