Saki,NONE,07/07/2025,19:29:28,Attohwa_Chasm,Tiamat
Veyron,PLD,07/07/2025,19:29:28,Attohwa_Chasm,Tiamat
Nils,SMN,07/07/2025,19:29:28,Attohwa_Chasm,Tiamat
Nam,BLM,07/07/2025,19:29:28,Attohwa_Chasm,Tiamat
Kyra,PLD,07/07/2025,19:29:28,Attohwa_Chasm,Tiamat
Kwech,RDM,07/07/2025,19:29:28,Attohwa_Chasm,Tiamat
Mcturbo,SMN,07/07/2025,19:29:28,Attohwa_Chasm,Tiamat
Thoranir,BRD,07/07/2025,19:29:28,Attohwa_Chasm,Tiamat
Neistar,SMN,07/07/2025,19:29:28,Attohwa_Chasm,Tiamat
Murfbones,PLD,07/07/2025,19:29:28,Attohwa_Chasm,Tiamat
Binggus,WHM,07/07/2025,19:29:28,Attohwa_Chasm,Tiamat
Buddylee,RDM,07/07/2025,19:29:28,Attohwa_Chasm,Tiamat
Aara,BRD,07/07/2025,19:29:28,Attohwa_Chasm,Tiamat
Loco,WHM,07/07/2025,19:29:28,Attohwa_Chasm,Tiamat
Gordge,BRD,07/07/2025,19:29:28,Attohwa_Chasm,Tiamat
Fmtwo,WHM,07/07/2025,19:29:28,Attohwa_Chasm,Tiamat
Byakua,SMN,07/07/2025,19:29:28,Attohwa_Chasm,Tiamat
Pocky,THF,07/07/2025,19:29:28,Attohwa_Chasm,Tiamat
Crescentfresh,BRD,07/07/2025,19:29:28,Attohwa_Chasm,Tiamat
Kercil,WHM,07/07/2025,19:29:28,Attohwa_Chasm,Tiamat
Debutis,SMN,07/07/2025,19:29:28,Attohwa_Chasm,Tiamat
Lockon,THF,07/07/2025,19:29:28,Attohwa_Chasm,Tiamat
Zyphix,RDM,07/07/2025,19:29:28,Attohwa_Chasm,Tiamat
Zeyger,BLM,07/07/2025,19:29:28,Attohwa_Chasm,Tiamat
Vear,PLD,07/07/2025,19:29:28,Attohwa_Chasm,Tiamat
Einhander,RDM,07/07/2025,19:29:28,Attohwa_Chasm,Tiamat
Natte,SMN,07/07/2025,19:29:28,Attohwa_Chasm,Tiamat
Cory,DRK,07/07/2025,19:29:28,Attohwa_Chasm,Tiamat
Rorry,THF,07/07/2025,19:29:28,Attohwa_Chasm,Tiamat
Schmoe,BLM,07/07/2025,19:29:28,Attohwa_Chasm,Tiamat
Saladd,WHM,07/07/2025,19:29:28,Attohwa_Chasm,Tiamat
Sonomaa,RDM,07/07/2025,19:29:28,Attohwa_Chasm,Tiamat
Prongles,WHM,07/07/2025,19:29:28,Attohwa_Chasm,Tiamat
Notix,RDM,07/07/2025,19:29:28,Attohwa_Chasm,Tiamat
Brethart,THF,07/07/2025,19:29:28,Attohwa_Chasm,Tiamat
Lorinth,THF,07/07/2025,19:29:28,Attohwa_Chasm,Tiamat
Kersed,RDM,07/07/2025,19:29:28,Attohwa_Chasm,Tiamat
Daveman,WHM,07/07/2025,19:29:28,Attohwa_Chasm,Tiamat
Clynt,PLD,07/07/2025,19:29:28,Attohwa_Chasm,Tiamat
Cannon,SMN,07/07/2025,19:29:28,Attohwa_Chasm,Tiamat
